text,label
The offline model reduces server cost by 100 percent.,statistic
"Cloud models are powerful, but offline models provide better privacy.",comparison
A major challenge is the lack of automation in this process.,problem
This system solves the issue by generating organized output automatically.,solution
"For instance, researchers can summarize notes into structured sections.",example
Testing was performed on a held-out dataset of sample inputs.,statistic
"For example, a student can paste lecture notes and generate slides.",example
Artificial Intelligence is a technique designed to improve productivity.,definition
Content Generation is a technique designed to improve productivity.,definition
"Unlike manual formatting, the app generates structure automatically.",comparison
"Next, the system analyzes the text and detects its content type.",process
The system generates output in under 2 seconds.,statistic
This approach improves efficiency by reducing manual effort.,solution
"First, the user enters raw text into the application.",process
One key issue is that manual formatting reduces productivity.,problem
The main problem is that users spend too much time on manual work.,problem
The proposed solution automates the content structuring process.,solution
The application provides an offline way to create formatted content.,solution
"Traditional tools require more effort, while this solution is faster.",comparison
"Compared to cloud tools, this system works without internet access.",comparison
This method is smaller and faster than large language models.,comparison
The main problem is that users spend too much time on manual work.,problem
"Traditional tools require more effort, while this solution is faster.",comparison
Digital Marketing is an approach that converts raw input into useful output.,definition
The offline model reduces server cost by 100 percent.,statistic
An example use case is creating presentation slides from meeting notes.,example
"For example, teachers can prepare classroom slides from lesson content.",example
"For instance, researchers can summarize notes into structured sections.",example
An example use case is creating presentation slides from meeting notes.,example
"Cloud models are powerful, but offline models provide better privacy.",comparison
Users benefit from offline access and better privacy.,benefit
"This improves speed, accuracy, and user productivity.",benefit
Smart Healthcare means using technology to solve real-world problems.,definition
"Traditional tools require more effort, while this solution is faster.",comparison
"For instance, researchers can summarize notes into structured sections.",example
Users benefit from offline access and better privacy.,benefit
"For instance, researchers can summarize notes into structured sections.",example
The system reduces manual effort and saves time.,benefit
The offline model reduces server cost by 100 percent.,statistic
This method is smaller and faster than large language models.,comparison
It helps users complete their work faster and more efficiently.,benefit
"For example, a student can paste lecture notes and generate slides.",example
Digital Marketing means using technology to solve real-world problems.,definition
Online Education is an approach that converts raw input into useful output.,definition
Text-to-Slide Generation is an approach that converts raw input into useful output.,definition
The proposed solution automates the content structuring process.,solution
"After that, the app generates structured slide content.",process
"This improves speed, accuracy, and user productivity.",benefit
Digital Marketing is a technique designed to improve productivity.,definition
The model achieved over 90 percent accuracy on the test dataset.,statistic
"For instance, a business owner can convert product details into a pitch deck.",example
E-commerce Automation is a technique designed to improve productivity.,definition
Users benefit from offline access and better privacy.,benefit
One key issue is that manual formatting reduces productivity.,problem
The application provides an offline way to create formatted content.,solution
The system reduces manual effort and saves time.,benefit
"Finally, the output is exported as JSON or PowerPoint.",process
"First, the user enters raw text into the application.",process
"Cloud models are powerful, but offline models provide better privacy.",comparison
"For instance, a business owner can convert product details into a pitch deck.",example
The system generates output in under 2 seconds.,statistic
This method is smaller and faster than large language models.,comparison
Machine Learning means using technology to solve real-world problems.,definition
Digital Marketing refers to a method used to organize and process data.,definition
This approach improves efficiency by reducing manual effort.,solution
"Unlike manual formatting, the app generates structure automatically.",comparison
"After that, the app generates structured slide content.",process
The system reduces manual effort and saves time.,benefit
"Then, the model classifies the sentence into a suitable category.",process
"Compared to cloud tools, this system works without internet access.",comparison
One key issue is that manual formatting reduces productivity.,problem
The main problem is that users spend too much time on manual work.,problem
Machine Learning is a system that helps users understand complex information.,definition
"Finally, the output is exported as JSON or PowerPoint.",process
Our solution uses a lightweight model to classify and structure text.,solution
"For example, a student can paste lecture notes and generate slides.",example
The model achieved over 90 percent accuracy on the test dataset.,statistic
Our solution uses a lightweight model to classify and structure text.,solution
"Traditional tools require more effort, while this solution is faster.",comparison
A major challenge is the lack of automation in this process.,problem
"After that, the app generates structured slide content.",process
"For instance, a business owner can convert product details into a pitch deck.",example
"This improves speed, accuracy, and user productivity.",benefit
One key issue is that manual formatting reduces productivity.,problem
Offline AI means using technology to solve real-world problems.,definition
The final model size is less than 50 MB.,statistic
"This makes the workflow faster, cheaper, and more reliable.",benefit
It helps users complete their work faster and more efficiently.,benefit
E-commerce Automation is a technique designed to improve productivity.,definition
The system generates output in under 2 seconds.,statistic
"The current system is slow, repetitive, and time-consuming.",problem
The model achieved over 90 percent accuracy on the test dataset.,statistic
The application provides an offline way to create formatted content.,solution
This approach improves efficiency by reducing manual effort.,solution
"For instance, a business owner can convert product details into a pitch deck.",example
"Cloud models are powerful, but offline models provide better privacy.",comparison
Digital Marketing refers to a method used to organize and process data.,definition
This approach improves efficiency by reducing manual effort.,solution
Transport Management is a system that helps users understand complex information.,definition
A major challenge is the lack of automation in this process.,problem
"The current system is slow, repetitive, and time-consuming.",problem
Online Education is an approach that converts raw input into useful output.,definition
"After that, the app generates structured slide content.",process
Smart Healthcare is an approach that converts raw input into useful output.,definition
"Finally, the output is exported as JSON or PowerPoint.",process
This system solves the issue by generating organized output automatically.,solution
An example use case is creating presentation slides from meeting notes.,example
Digital Marketing is a system that helps users understand complex information.,definition
A major challenge is the lack of automation in this process.,problem
"For instance, researchers can summarize notes into structured sections.",example
"For instance, researchers can summarize notes into structured sections.",example
"Next, the system analyzes the text and detects its content type.",process
"First, the user enters raw text into the application.",process
The application provides an offline way to create formatted content.,solution
"Cloud models are powerful, but offline models provide better privacy.",comparison
The final model size is less than 50 MB.,statistic
"This improves speed, accuracy, and user productivity.",benefit
Users benefit from offline access and better privacy.,benefit
It helps users complete their work faster and more efficiently.,benefit
"This improves speed, accuracy, and user productivity.",benefit
"This improves speed, accuracy, and user productivity.",benefit
"For instance, researchers can summarize notes into structured sections.",example
One key issue is that manual formatting reduces productivity.,problem
Content Generation is a system that helps users understand complex information.,definition
"Traditional tools require more effort, while this solution is faster.",comparison
The main problem is that users spend too much time on manual work.,problem
"For example, teachers can prepare classroom slides from lesson content.",example
Digital Marketing is a technique designed to improve productivity.,definition
The application provides an offline way to create formatted content.,solution
Content Generation means using technology to solve real-world problems.,definition
"For instance, researchers can summarize notes into structured sections.",example
"The current system is slow, repetitive, and time-consuming.",problem
The system reduces manual effort and saves time.,benefit
This system solves the issue by generating organized output automatically.,solution
"Finally, the output is exported as JSON or PowerPoint.",process
The final model size is less than 50 MB.,statistic
Artificial Intelligence is a technique designed to improve productivity.,definition
"Finally, the output is exported as JSON or PowerPoint.",process
This system solves the issue by generating organized output automatically.,solution
E-commerce Automation is a technique designed to improve productivity.,definition
The system generates output in under 2 seconds.,statistic
"After that, the app generates structured slide content.",process
The offline model reduces server cost by 100 percent.,statistic
The application provides an offline way to create formatted content.,solution
It helps users complete their work faster and more efficiently.,benefit
This system solves the issue by generating organized output automatically.,solution
Our solution uses a lightweight model to classify and structure text.,solution
Testing was performed on a held-out dataset of sample inputs.,statistic
"Cloud models are powerful, but offline models provide better privacy.",comparison
Our solution uses a lightweight model to classify and structure text.,solution
The model achieved over 90 percent accuracy on the test dataset.,statistic
A major challenge is the lack of automation in this process.,problem
The system generates output in under 2 seconds.,statistic
"Next, the system analyzes the text and detects its content type.",process
The application provides an offline way to create formatted content.,solution
"The current system is slow, repetitive, and time-consuming.",problem
This approach improves efficiency by reducing manual effort.,solution
"This makes the workflow faster, cheaper, and more reliable.",benefit
Users benefit from offline access and better privacy.,benefit
"Next, the system analyzes the text and detects its content type.",process
"Unlike manual formatting, the app generates structure automatically.",comparison
The main problem is that users spend too much time on manual work.,problem
"Compared to cloud tools, this system works without internet access.",comparison
One key issue is that manual formatting reduces productivity.,problem
"Unlike manual formatting, the app generates structure automatically.",comparison
A major challenge is the lack of automation in this process.,problem
"Next, the system analyzes the text and detects its content type.",process
"Cloud models are powerful, but offline models provide better privacy.",comparison
"For instance, researchers can summarize notes into structured sections.",example
Machine Learning is an approach that converts raw input into useful output.,definition
"Cloud models are powerful, but offline models provide better privacy.",comparison
"Then, the model classifies the sentence into a suitable category.",process
Our solution uses a lightweight model to classify and structure text.,solution
The system reduces manual effort and saves time.,benefit
Testing was performed on a held-out dataset of sample inputs.,statistic
This system solves the issue by generating organized output automatically.,solution
This approach improves efficiency by reducing manual effort.,solution
Our solution uses a lightweight model to classify and structure text.,solution
This approach improves efficiency by reducing manual effort.,solution
An example use case is creating presentation slides from meeting notes.,example
The system generates output in under 2 seconds.,statistic
"Finally, the output is exported as JSON or PowerPoint.",process
Users benefit from offline access and better privacy.,benefit
Testing was performed on a held-out dataset of sample inputs.,statistic
"This makes the workflow faster, cheaper, and more reliable.",benefit
The model achieved over 90 percent accuracy on the test dataset.,statistic
"Then, the model classifies the sentence into a suitable category.",process
"This makes the workflow faster, cheaper, and more reliable.",benefit
The proposed solution automates the content structuring process.,solution
Artificial Intelligence is a technique designed to improve productivity.,definition
The main problem is that users spend too much time on manual work.,problem
"After that, the app generates structured slide content.",process
The proposed solution automates the content structuring process.,solution
"The current system is slow, repetitive, and time-consuming.",problem
Machine Learning means using technology to solve real-world problems.,definition
"For instance, a business owner can convert product details into a pitch deck.",example
"After that, the app generates structured slide content.",process
"Then, the model classifies the sentence into a suitable category.",process
The model achieved over 90 percent accuracy on the test dataset.,statistic
"This makes the workflow faster, cheaper, and more reliable.",benefit
"For example, a student can paste lecture notes and generate slides.",example
The main problem is that users spend too much time on manual work.,problem
The model achieved over 90 percent accuracy on the test dataset.,statistic
"For example, a student can paste lecture notes and generate slides.",example
"Next, the system analyzes the text and detects its content type.",process
"For example, a student can paste lecture notes and generate slides.",example
Users benefit from offline access and better privacy.,benefit
The final model size is less than 50 MB.,statistic
"For example, a student can paste lecture notes and generate slides.",example
"The current system is slow, repetitive, and time-consuming.",problem
Machine Learning is a technique designed to improve productivity.,definition
A major challenge is the lack of automation in this process.,problem
Our solution uses a lightweight model to classify and structure text.,solution
It helps users complete their work faster and more efficiently.,benefit
"Then, the model classifies the sentence into a suitable category.",process
Our solution uses a lightweight model to classify and structure text.,solution
Digital Marketing refers to a method used to organize and process data.,definition
The main problem is that users spend too much time on manual work.,problem
"First, the user enters raw text into the application.",process
This system solves the issue by generating organized output automatically.,solution
Our solution uses a lightweight model to classify and structure text.,solution
"Then, the model classifies the sentence into a suitable category.",process
"For instance, a business owner can convert product details into a pitch deck.",example
Users benefit from offline access and better privacy.,benefit
The final model size is less than 50 MB.,statistic
One key issue is that manual formatting reduces productivity.,problem
It helps users complete their work faster and more efficiently.,benefit
The model achieved over 90 percent accuracy on the test dataset.,statistic
The system generates output in under 2 seconds.,statistic
"For instance, a business owner can convert product details into a pitch deck.",example
Machine Learning is an approach that converts raw input into useful output.,definition
"The current system is slow, repetitive, and time-consuming.",problem
Testing was performed on a held-out dataset of sample inputs.,statistic
This system solves the issue by generating organized output automatically.,solution
"The current system is slow, repetitive, and time-consuming.",problem
The system generates output in under 2 seconds.,statistic
The model achieved over 90 percent accuracy on the test dataset.,statistic
The application provides an offline way to create formatted content.,solution
It helps users complete their work faster and more efficiently.,benefit
"Next, the system analyzes the text and detects its content type.",process
This method is smaller and faster than large language models.,comparison
Many users face difficulty while organizing large amounts of content.,problem
Digital Marketing means using technology to solve real-world problems.,definition
Artificial Intelligence is an approach that converts raw input into useful output.,definition
"For example, a student can paste lecture notes and generate slides.",example
The main problem is that users spend too much time on manual work.,problem
"Compared to cloud tools, this system works without internet access.",comparison
"This improves speed, accuracy, and user productivity.",benefit
"For instance, a business owner can convert product details into a pitch deck.",example
"Unlike manual formatting, the app generates structure automatically.",comparison
One key issue is that manual formatting reduces productivity.,problem
This system solves the issue by generating organized output automatically.,solution
Digital Marketing refers to a method used to organize and process data.,definition
The offline model reduces server cost by 100 percent.,statistic
A major challenge is the lack of automation in this process.,problem
"Finally, the output is exported as JSON or PowerPoint.",process
"Next, the system analyzes the text and detects its content type.",process
"Then, the model classifies the sentence into a suitable category.",process
"Compared to cloud tools, this system works without internet access.",comparison
Transport Management is a system that helps users understand complex information.,definition
Smart Healthcare is an approach that converts raw input into useful output.,definition
A major challenge is the lack of automation in this process.,problem
An example use case is creating presentation slides from meeting notes.,example
One key issue is that manual formatting reduces productivity.,problem
"Then, the model classifies the sentence into a suitable category.",process
Online Education means using technology to solve real-world problems.,definition
Content Generation refers to a method used to organize and process data.,definition
"Compared to cloud tools, this system works without internet access.",comparison
"First, the user enters raw text into the application.",process
"First, the user enters raw text into the application.",process
Many users face difficulty while organizing large amounts of content.,problem
Many users face difficulty while organizing large amounts of content.,problem
"For example, teachers can prepare classroom slides from lesson content.",example
The offline model reduces server cost by 100 percent.,statistic
Testing was performed on a held-out dataset of sample inputs.,statistic
The system generates output in under 2 seconds.,statistic
The model achieved over 90 percent accuracy on the test dataset.,statistic
"After that, the app generates structured slide content.",process
"For instance, a business owner can convert product details into a pitch deck.",example
Digital Marketing is a technique designed to improve productivity.,definition
"First, the user enters raw text into the application.",process
Content Generation is a system that helps users understand complex information.,definition
Users benefit from offline access and better privacy.,benefit
"For instance, researchers can summarize notes into structured sections.",example
"Cloud models are powerful, but offline models provide better privacy.",comparison
The offline model reduces server cost by 100 percent.,statistic
The offline model reduces server cost by 100 percent.,statistic
"Finally, the output is exported as JSON or PowerPoint.",process
"For example, a student can paste lecture notes and generate slides.",example
This method is smaller and faster than large language models.,comparison
"For instance, researchers can summarize notes into structured sections.",example
"Compared to cloud tools, this system works without internet access.",comparison
Offline AI refers to a method used to organize and process data.,definition
The application provides an offline way to create formatted content.,solution
"Compared to cloud tools, this system works without internet access.",comparison
"Traditional tools require more effort, while this solution is faster.",comparison
"Finally, the output is exported as JSON or PowerPoint.",process
"Next, the system analyzes the text and detects its content type.",process
The application provides an offline way to create formatted content.,solution
"Next, the system analyzes the text and detects its content type.",process
"Then, the model classifies the sentence into a suitable category.",process
"Traditional tools require more effort, while this solution is faster.",comparison
Online Education is an approach that converts raw input into useful output.,definition
Our solution uses a lightweight model to classify and structure text.,solution
"For example, a student can paste lecture notes and generate slides.",example
The offline model reduces server cost by 100 percent.,statistic
Our solution uses a lightweight model to classify and structure text.,solution
"Next, the system analyzes the text and detects its content type.",process
"Cloud models are powerful, but offline models provide better privacy.",comparison
This approach improves efficiency by reducing manual effort.,solution
Smart Healthcare is a system that helps users understand complex information.,definition
The application provides an offline way to create formatted content.,solution
"Compared to cloud tools, this system works without internet access.",comparison
"Cloud models are powerful, but offline models provide better privacy.",comparison
"Next, the system analyzes the text and detects its content type.",process
"This makes the workflow faster, cheaper, and more reliable.",benefit
"Finally, the output is exported as JSON or PowerPoint.",process
The final model size is less than 50 MB.,statistic
Artificial Intelligence refers to a method used to organize and process data.,definition
"For instance, a business owner can convert product details into a pitch deck.",example
"For instance, a business owner can convert product details into a pitch deck.",example
A major challenge is the lack of automation in this process.,problem
Our solution uses a lightweight model to classify and structure text.,solution
An example use case is creating presentation slides from meeting notes.,example
An example use case is creating presentation slides from meeting notes.,example
Our solution uses a lightweight model to classify and structure text.,solution
Machine Learning means using technology to solve real-world problems.,definition
An example use case is creating presentation slides from meeting notes.,example
The model achieved over 90 percent accuracy on the test dataset.,statistic
Users benefit from offline access and better privacy.,benefit
"For instance, a business owner can convert product details into a pitch deck.",example
The main problem is that users spend too much time on manual work.,problem
The system generates output in under 2 seconds.,statistic
"Traditional tools require more effort, while this solution is faster.",comparison
Testing was performed on a held-out dataset of sample inputs.,statistic
"For instance, a business owner can convert product details into a pitch deck.",example
"Cloud models are powerful, but offline models provide better privacy.",comparison
"Compared to cloud tools, this system works without internet access.",comparison
Offline AI refers to a method used to organize and process data.,definition
It helps users complete their work faster and more efficiently.,benefit
The model achieved over 90 percent accuracy on the test dataset.,statistic
This method is smaller and faster than large language models.,comparison
Smart Healthcare is an approach that converts raw input into useful output.,definition
Transport Management is a technique designed to improve productivity.,definition
A major challenge is the lack of automation in this process.,problem
Transport Management means using technology to solve real-world problems.,definition
The system reduces manual effort and saves time.,benefit
"This makes the workflow faster, cheaper, and more reliable.",benefit
"Compared to cloud tools, this system works without internet access.",comparison
"The current system is slow, repetitive, and time-consuming.",problem
The main problem is that users spend too much time on manual work.,problem
"After that, the app generates structured slide content.",process
It helps users complete their work faster and more efficiently.,benefit
"For example, a student can paste lecture notes and generate slides.",example
It helps users complete their work faster and more efficiently.,benefit
Machine Learning means using technology to solve real-world problems.,definition
This approach improves efficiency by reducing manual effort.,solution
Testing was performed on a held-out dataset of sample inputs.,statistic
Text-to-Slide Generation is a technique designed to improve productivity.,definition
The system reduces manual effort and saves time.,benefit
"Then, the model classifies the sentence into a suitable category.",process
"Next, the system analyzes the text and detects its content type.",process
The proposed solution automates the content structuring process.,solution
"For example, a student can paste lecture notes and generate slides.",example
A major challenge is the lack of automation in this process.,problem
"For example, a student can paste lecture notes and generate slides.",example
Testing was performed on a held-out dataset of sample inputs.,statistic
"For example, teachers can prepare classroom slides from lesson content.",example
"The current system is slow, repetitive, and time-consuming.",problem
"Next, the system analyzes the text and detects its content type.",process
Artificial Intelligence is a system that helps users understand complex information.,definition
"Then, the model classifies the sentence into a suitable category.",process
"For example, teachers can prepare classroom slides from lesson content.",example
This system solves the issue by generating organized output automatically.,solution
Users benefit from offline access and better privacy.,benefit
The system generates output in under 2 seconds.,statistic
"For instance, researchers can summarize notes into structured sections.",example
Smart Healthcare is an approach that converts raw input into useful output.,definition
"This makes the workflow faster, cheaper, and more reliable.",benefit
The system reduces manual effort and saves time.,benefit
The final model size is less than 50 MB.,statistic
It helps users complete their work faster and more efficiently.,benefit
This method is smaller and faster than large language models.,comparison
The proposed solution automates the content structuring process.,solution
One key issue is that manual formatting reduces productivity.,problem
Offline AI is a system that helps users understand complex information.,definition
"Cloud models are powerful, but offline models provide better privacy.",comparison
A major challenge is the lack of automation in this process.,problem
Artificial Intelligence is a technique designed to improve productivity.,definition
"After that, the app generates structured slide content.",process
An example use case is creating presentation slides from meeting notes.,example
It helps users complete their work faster and more efficiently.,benefit
The proposed solution automates the content structuring process.,solution
The application provides an offline way to create formatted content.,solution
"This makes the workflow faster, cheaper, and more reliable.",benefit
"Cloud models are powerful, but offline models provide better privacy.",comparison
The final model size is less than 50 MB.,statistic
"This improves speed, accuracy, and user productivity.",benefit
The proposed solution automates the content structuring process.,solution
This approach improves efficiency by reducing manual effort.,solution
The proposed solution automates the content structuring process.,solution
The main problem is that users spend too much time on manual work.,problem
The system generates output in under 2 seconds.,statistic
"Finally, the output is exported as JSON or PowerPoint.",process
The proposed solution automates the content structuring process.,solution
The main problem is that users spend too much time on manual work.,problem
The system generates output in under 2 seconds.,statistic
"For instance, a business owner can convert product details into a pitch deck.",example
This system solves the issue by generating organized output automatically.,solution
"This improves speed, accuracy, and user productivity.",benefit
"For example, teachers can prepare classroom slides from lesson content.",example
Transport Management is a system that helps users understand complex information.,definition
The application provides an offline way to create formatted content.,solution
A major challenge is the lack of automation in this process.,problem
Testing was performed on a held-out dataset of sample inputs.,statistic
"Traditional tools require more effort, while this solution is faster.",comparison
Transport Management is a technique designed to improve productivity.,definition
Many users face difficulty while organizing large amounts of content.,problem
"For example, teachers can prepare classroom slides from lesson content.",example
The proposed solution automates the content structuring process.,solution
The application provides an offline way to create formatted content.,solution
E-commerce Automation refers to a method used to organize and process data.,definition
The application provides an offline way to create formatted content.,solution
The main problem is that users spend too much time on manual work.,problem
"For example, a student can paste lecture notes and generate slides.",example
This approach improves efficiency by reducing manual effort.,solution
"Unlike manual formatting, the app generates structure automatically.",comparison
Users benefit from offline access and better privacy.,benefit
The model achieved over 90 percent accuracy on the test dataset.,statistic
"For example, a student can paste lecture notes and generate slides.",example
E-commerce Automation refers to a method used to organize and process data.,definition
Machine Learning is a technique designed to improve productivity.,definition
"Finally, the output is exported as JSON or PowerPoint.",process
"Unlike manual formatting, the app generates structure automatically.",comparison
This system solves the issue by generating organized output automatically.,solution
Testing was performed on a held-out dataset of sample inputs.,statistic
Our solution uses a lightweight model to classify and structure text.,solution
"Finally, the output is exported as JSON or PowerPoint.",process
Testing was performed on a held-out dataset of sample inputs.,statistic
"Cloud models are powerful, but offline models provide better privacy.",comparison
Online Education means using technology to solve real-world problems.,definition
"Unlike manual formatting, the app generates structure automatically.",comparison
Users benefit from offline access and better privacy.,benefit
An example use case is creating presentation slides from meeting notes.,example
"Unlike manual formatting, the app generates structure automatically.",comparison
"The current system is slow, repetitive, and time-consuming.",problem
It helps users complete their work faster and more efficiently.,benefit
"Next, the system analyzes the text and detects its content type.",process
Online Education is a system that helps users understand complex information.,definition
"Traditional tools require more effort, while this solution is faster.",comparison
"First, the user enters raw text into the application.",process
"For instance, researchers can summarize notes into structured sections.",example
An example use case is creating presentation slides from meeting notes.,example
One key issue is that manual formatting reduces productivity.,problem
The application provides an offline way to create formatted content.,solution
Machine Learning is a system that helps users understand complex information.,definition
"Then, the model classifies the sentence into a suitable category.",process
"This improves speed, accuracy, and user productivity.",benefit
"This makes the workflow faster, cheaper, and more reliable.",benefit
Many users face difficulty while organizing large amounts of content.,problem
Testing was performed on a held-out dataset of sample inputs.,statistic
"This makes the workflow faster, cheaper, and more reliable.",benefit
"Finally, the output is exported as JSON or PowerPoint.",process
"Compared to cloud tools, this system works without internet access.",comparison
Content Generation is a technique designed to improve productivity.,definition
"After that, the app generates structured slide content.",process
"For example, a student can paste lecture notes and generate slides.",example
It helps users complete their work faster and more efficiently.,benefit
The offline model reduces server cost by 100 percent.,statistic
An example use case is creating presentation slides from meeting notes.,example
The main problem is that users spend too much time on manual work.,problem
Testing was performed on a held-out dataset of sample inputs.,statistic
Digital Marketing means using technology to solve real-world problems.,definition
"Finally, the output is exported as JSON or PowerPoint.",process
Testing was performed on a held-out dataset of sample inputs.,statistic
"This makes the workflow faster, cheaper, and more reliable.",benefit
The main problem is that users spend too much time on manual work.,problem
It helps users complete their work faster and more efficiently.,benefit
The system reduces manual effort and saves time.,benefit
"For example, a student can paste lecture notes and generate slides.",example
This approach improves efficiency by reducing manual effort.,solution
Artificial Intelligence refers to a method used to organize and process data.,definition
"Finally, the output is exported as JSON or PowerPoint.",process
"For example, teachers can prepare classroom slides from lesson content.",example
"For instance, researchers can summarize notes into structured sections.",example
"This makes the workflow faster, cheaper, and more reliable.",benefit
This method is smaller and faster than large language models.,comparison
"Cloud models are powerful, but offline models provide better privacy.",comparison
"For instance, a business owner can convert product details into a pitch deck.",example
One key issue is that manual formatting reduces productivity.,problem
The model achieved over 90 percent accuracy on the test dataset.,statistic
"Next, the system analyzes the text and detects its content type.",process
Smart Healthcare is an approach that converts raw input into useful output.,definition
A major challenge is the lack of automation in this process.,problem
"Finally, the output is exported as JSON or PowerPoint.",process
It helps users complete their work faster and more efficiently.,benefit
"For example, teachers can prepare classroom slides from lesson content.",example
The offline model reduces server cost by 100 percent.,statistic
Digital Marketing is a technique designed to improve productivity.,definition
A major challenge is the lack of automation in this process.,problem
The proposed solution automates the content structuring process.,solution
"Unlike manual formatting, the app generates structure automatically.",comparison
A major challenge is the lack of automation in this process.,problem
"After that, the app generates structured slide content.",process
"This makes the workflow faster, cheaper, and more reliable.",benefit
"Unlike manual formatting, the app generates structure automatically.",comparison
"Cloud models are powerful, but offline models provide better privacy.",comparison
The model achieved over 90 percent accuracy on the test dataset.,statistic
The application provides an offline way to create formatted content.,solution
Text-to-Slide Generation refers to a method used to organize and process data.,definition
"For instance, a business owner can convert product details into a pitch deck.",example
"For instance, researchers can summarize notes into structured sections.",example
One key issue is that manual formatting reduces productivity.,problem
"For instance, a business owner can convert product details into a pitch deck.",example
"First, the user enters raw text into the application.",process
"For instance, researchers can summarize notes into structured sections.",example
"Cloud models are powerful, but offline models provide better privacy.",comparison
"The current system is slow, repetitive, and time-consuming.",problem
"For example, teachers can prepare classroom slides from lesson content.",example
"After that, the app generates structured slide content.",process
"Then, the model classifies the sentence into a suitable category.",process
"Traditional tools require more effort, while this solution is faster.",comparison
"Then, the model classifies the sentence into a suitable category.",process
The system generates output in under 2 seconds.,statistic
The model achieved over 90 percent accuracy on the test dataset.,statistic
"For example, teachers can prepare classroom slides from lesson content.",example
Transport Management refers to a method used to organize and process data.,definition
"This makes the workflow faster, cheaper, and more reliable.",benefit
"For example, teachers can prepare classroom slides from lesson content.",example
Content Generation refers to a method used to organize and process data.,definition
The system generates output in under 2 seconds.,statistic
"For example, teachers can prepare classroom slides from lesson content.",example
It helps users complete their work faster and more efficiently.,benefit
The final model size is less than 50 MB.,statistic
The main problem is that users spend too much time on manual work.,problem
"Compared to cloud tools, this system works without internet access.",comparison
"Traditional tools require more effort, while this solution is faster.",comparison
"After that, the app generates structured slide content.",process
"For example, a student can paste lecture notes and generate slides.",example
An example use case is creating presentation slides from meeting notes.,example
Smart Healthcare refers to a method used to organize and process data.,definition
Testing was performed on a held-out dataset of sample inputs.,statistic
It helps users complete their work faster and more efficiently.,benefit
Machine Learning is a technique designed to improve productivity.,definition
The application provides an offline way to create formatted content.,solution
The final model size is less than 50 MB.,statistic
"Cloud models are powerful, but offline models provide better privacy.",comparison
Machine Learning is an approach that converts raw input into useful output.,definition
Users benefit from offline access and better privacy.,benefit
Smart Healthcare means using technology to solve real-world problems.,definition
"After that, the app generates structured slide content.",process
"For example, a student can paste lecture notes and generate slides.",example
An example use case is creating presentation slides from meeting notes.,example
Our solution uses a lightweight model to classify and structure text.,solution
This method is smaller and faster than large language models.,comparison
The model achieved over 90 percent accuracy on the test dataset.,statistic
"First, the user enters raw text into the application.",process
"This makes the workflow faster, cheaper, and more reliable.",benefit
Users benefit from offline access and better privacy.,benefit
The proposed solution automates the content structuring process.,solution
"After that, the app generates structured slide content.",process
The main problem is that users spend too much time on manual work.,problem
E-commerce Automation refers to a method used to organize and process data.,definition
"For example, a student can paste lecture notes and generate slides.",example
"This improves speed, accuracy, and user productivity.",benefit
"Traditional tools require more effort, while this solution is faster.",comparison
"Compared to cloud tools, this system works without internet access.",comparison
This system solves the issue by generating organized output automatically.,solution
"For instance, a business owner can convert product details into a pitch deck.",example
The main problem is that users spend too much time on manual work.,problem
"This improves speed, accuracy, and user productivity.",benefit
Many users face difficulty while organizing large amounts of content.,problem
"For instance, a business owner can convert product details into a pitch deck.",example
"Then, the model classifies the sentence into a suitable category.",process
A major challenge is the lack of automation in this process.,problem
The main problem is that users spend too much time on manual work.,problem
Text-to-Slide Generation refers to a method used to organize and process data.,definition
It helps users complete their work faster and more efficiently.,benefit
"For example, teachers can prepare classroom slides from lesson content.",example
Our solution uses a lightweight model to classify and structure text.,solution
"Then, the model classifies the sentence into a suitable category.",process
"For instance, researchers can summarize notes into structured sections.",example
Transport Management refers to a method used to organize and process data.,definition
The proposed solution automates the content structuring process.,solution
"Compared to cloud tools, this system works without internet access.",comparison
Testing was performed on a held-out dataset of sample inputs.,statistic
"For example, a student can paste lecture notes and generate slides.",example
"First, the user enters raw text into the application.",process
Online Education refers to a method used to organize and process data.,definition
This method is smaller and faster than large language models.,comparison
A major challenge is the lack of automation in this process.,problem
Users benefit from offline access and better privacy.,benefit
The model achieved over 90 percent accuracy on the test dataset.,statistic
The proposed solution automates the content structuring process.,solution
"Compared to cloud tools, this system works without internet access.",comparison
The main problem is that users spend too much time on manual work.,problem
Testing was performed on a held-out dataset of sample inputs.,statistic
Content Generation refers to a method used to organize and process data.,definition
The application provides an offline way to create formatted content.,solution
An example use case is creating presentation slides from meeting notes.,example
A major challenge is the lack of automation in this process.,problem
Text-to-Slide Generation refers to a method used to organize and process data.,definition
The main problem is that users spend too much time on manual work.,problem
Content Generation refers to a method used to organize and process data.,definition
The proposed solution automates the content structuring process.,solution
This method is smaller and faster than large language models.,comparison
This system solves the issue by generating organized output automatically.,solution
"For example, a student can paste lecture notes and generate slides.",example
"For instance, a business owner can convert product details into a pitch deck.",example
"Compared to cloud tools, this system works without internet access.",comparison
Online Education means using technology to solve real-world problems.,definition
"Compared to cloud tools, this system works without internet access.",comparison
"First, the user enters raw text into the application.",process
The final model size is less than 50 MB.,statistic
The offline model reduces server cost by 100 percent.,statistic
"For example, teachers can prepare classroom slides from lesson content.",example
This method is smaller and faster than large language models.,comparison
E-commerce Automation is an approach that converts raw input into useful output.,definition
The proposed solution automates the content structuring process.,solution
Text-to-Slide Generation refers to a method used to organize and process data.,definition
The model achieved over 90 percent accuracy on the test dataset.,statistic
The model achieved over 90 percent accuracy on the test dataset.,statistic
The system generates output in under 2 seconds.,statistic
"First, the user enters raw text into the application.",process
This system solves the issue by generating organized output automatically.,solution
Testing was performed on a held-out dataset of sample inputs.,statistic
Smart Healthcare refers to a method used to organize and process data.,definition
"This improves speed, accuracy, and user productivity.",benefit
"This improves speed, accuracy, and user productivity.",benefit
"This improves speed, accuracy, and user productivity.",benefit
This approach improves efficiency by reducing manual effort.,solution
It helps users complete their work faster and more efficiently.,benefit
One key issue is that manual formatting reduces productivity.,problem
"Finally, the output is exported as JSON or PowerPoint.",process
"Traditional tools require more effort, while this solution is faster.",comparison
E-commerce Automation refers to a method used to organize and process data.,definition
Many users face difficulty while organizing large amounts of content.,problem
The proposed solution automates the content structuring process.,solution
"Finally, the output is exported as JSON or PowerPoint.",process
The system generates output in under 2 seconds.,statistic
The proposed solution automates the content structuring process.,solution
"Cloud models are powerful, but offline models provide better privacy.",comparison
This system solves the issue by generating organized output automatically.,solution
This system solves the issue by generating organized output automatically.,solution
Artificial Intelligence means using technology to solve real-world problems.,definition
One key issue is that manual formatting reduces productivity.,problem
The main problem is that users spend too much time on manual work.,problem
The main problem is that users spend too much time on manual work.,problem
The model achieved over 90 percent accuracy on the test dataset.,statistic
The model achieved over 90 percent accuracy on the test dataset.,statistic
"Cloud models are powerful, but offline models provide better privacy.",comparison
"This makes the workflow faster, cheaper, and more reliable.",benefit
"For example, teachers can prepare classroom slides from lesson content.",example
Text-to-Slide Generation is an approach that converts raw input into useful output.,definition
"Next, the system analyzes the text and detects its content type.",process
"For example, teachers can prepare classroom slides from lesson content.",example
"Then, the model classifies the sentence into a suitable category.",process
The system reduces manual effort and saves time.,benefit
"Finally, the output is exported as JSON or PowerPoint.",process
"Next, the system analyzes the text and detects its content type.",process
"For example, a student can paste lecture notes and generate slides.",example
Many users face difficulty while organizing large amounts of content.,problem
"Compared to cloud tools, this system works without internet access.",comparison
"After that, the app generates structured slide content.",process
"Finally, the output is exported as JSON or PowerPoint.",process
Many users face difficulty while organizing large amounts of content.,problem
The proposed solution automates the content structuring process.,solution
Testing was performed on a held-out dataset of sample inputs.,statistic
"After that, the app generates structured slide content.",process
This system solves the issue by generating organized output automatically.,solution
The offline model reduces server cost by 100 percent.,statistic
This approach improves efficiency by reducing manual effort.,solution
"Compared to cloud tools, this system works without internet access.",comparison
The model achieved over 90 percent accuracy on the test dataset.,statistic
"Compared to cloud tools, this system works without internet access.",comparison
"The current system is slow, repetitive, and time-consuming.",problem
Artificial Intelligence refers to a method used to organize and process data.,definition
The offline model reduces server cost by 100 percent.,statistic
Machine Learning is an approach that converts raw input into useful output.,definition
The system reduces manual effort and saves time.,benefit
Smart Healthcare is a system that helps users understand complex information.,definition
The proposed solution automates the content structuring process.,solution
"For instance, a business owner can convert product details into a pitch deck.",example
Artificial Intelligence refers to a method used to organize and process data.,definition
The offline model reduces server cost by 100 percent.,statistic
Digital Marketing refers to a method used to organize and process data.,definition
A major challenge is the lack of automation in this process.,problem
"Traditional tools require more effort, while this solution is faster.",comparison
Digital Marketing refers to a method used to organize and process data.,definition
Digital Marketing is an approach that converts raw input into useful output.,definition
A major challenge is the lack of automation in this process.,problem
"Next, the system analyzes the text and detects its content type.",process
Testing was performed on a held-out dataset of sample inputs.,statistic
"The current system is slow, repetitive, and time-consuming.",problem
"Cloud models are powerful, but offline models provide better privacy.",comparison
One key issue is that manual formatting reduces productivity.,problem
Our solution uses a lightweight model to classify and structure text.,solution
"Traditional tools require more effort, while this solution is faster.",comparison
"This improves speed, accuracy, and user productivity.",benefit
"Finally, the output is exported as JSON or PowerPoint.",process
"For instance, a business owner can convert product details into a pitch deck.",example
One key issue is that manual formatting reduces productivity.,problem
"The current system is slow, repetitive, and time-consuming.",problem
The system reduces manual effort and saves time.,benefit
The application provides an offline way to create formatted content.,solution
This approach improves efficiency by reducing manual effort.,solution
Digital Marketing means using technology to solve real-world problems.,definition
"For example, a student can paste lecture notes and generate slides.",example
Online Education is a system that helps users understand complex information.,definition
"For instance, a business owner can convert product details into a pitch deck.",example
"This improves speed, accuracy, and user productivity.",benefit
"First, the user enters raw text into the application.",process
Many users face difficulty while organizing large amounts of content.,problem
"This makes the workflow faster, cheaper, and more reliable.",benefit
It helps users complete their work faster and more efficiently.,benefit
The model achieved over 90 percent accuracy on the test dataset.,statistic
This method is smaller and faster than large language models.,comparison
Users benefit from offline access and better privacy.,benefit
"Finally, the output is exported as JSON or PowerPoint.",process
"Finally, the output is exported as JSON or PowerPoint.",process
"Traditional tools require more effort, while this solution is faster.",comparison
Many users face difficulty while organizing large amounts of content.,problem
One key issue is that manual formatting reduces productivity.,problem
"Cloud models are powerful, but offline models provide better privacy.",comparison
A major challenge is the lack of automation in this process.,problem
This approach improves efficiency by reducing manual effort.,solution
It helps users complete their work faster and more efficiently.,benefit
The system reduces manual effort and saves time.,benefit
"For example, a student can paste lecture notes and generate slides.",example
Machine Learning means using technology to solve real-world problems.,definition
The offline model reduces server cost by 100 percent.,statistic
"After that, the app generates structured slide content.",process
This approach improves efficiency by reducing manual effort.,solution
Our solution uses a lightweight model to classify and structure text.,solution
This approach improves efficiency by reducing manual effort.,solution
Digital Marketing is a system that helps users understand complex information.,definition
Digital Marketing refers to a method used to organize and process data.,definition
The application provides an offline way to create formatted content.,solution
E-commerce Automation is a technique designed to improve productivity.,definition
The application provides an offline way to create formatted content.,solution
"Unlike manual formatting, the app generates structure automatically.",comparison
"Then, the model classifies the sentence into a suitable category.",process
Users benefit from offline access and better privacy.,benefit
An example use case is creating presentation slides from meeting notes.,example
Smart Healthcare is a system that helps users understand complex information.,definition
This approach improves efficiency by reducing manual effort.,solution
Many users face difficulty while organizing large amounts of content.,problem
This method is smaller and faster than large language models.,comparison
The system reduces manual effort and saves time.,benefit
Our solution uses a lightweight model to classify and structure text.,solution
"Unlike manual formatting, the app generates structure automatically.",comparison
Text-to-Slide Generation is a system that helps users understand complex information.,definition
The model achieved over 90 percent accuracy on the test dataset.,statistic
The system generates output in under 2 seconds.,statistic
"For instance, a business owner can convert product details into a pitch deck.",example
The application provides an offline way to create formatted content.,solution
"Traditional tools require more effort, while this solution is faster.",comparison
"Finally, the output is exported as JSON or PowerPoint.",process
Smart Healthcare means using technology to solve real-world problems.,definition
"For instance, a business owner can convert product details into a pitch deck.",example
"Compared to cloud tools, this system works without internet access.",comparison
"Compared to cloud tools, this system works without internet access.",comparison
Users benefit from offline access and better privacy.,benefit
The proposed solution automates the content structuring process.,solution
The system generates output in under 2 seconds.,statistic
The application provides an offline way to create formatted content.,solution
"Next, the system analyzes the text and detects its content type.",process
"First, the user enters raw text into the application.",process
The main problem is that users spend too much time on manual work.,problem
"The current system is slow, repetitive, and time-consuming.",problem
Testing was performed on a held-out dataset of sample inputs.,statistic
Users benefit from offline access and better privacy.,benefit
"The current system is slow, repetitive, and time-consuming.",problem
"For instance, a business owner can convert product details into a pitch deck.",example
The final model size is less than 50 MB.,statistic
"This makes the workflow faster, cheaper, and more reliable.",benefit
The final model size is less than 50 MB.,statistic
"The current system is slow, repetitive, and time-consuming.",problem
The application provides an offline way to create formatted content.,solution
"Then, the model classifies the sentence into a suitable category.",process
"First, the user enters raw text into the application.",process
One key issue is that manual formatting reduces productivity.,problem
"For example, a student can paste lecture notes and generate slides.",example
"Unlike manual formatting, the app generates structure automatically.",comparison
"For instance, a business owner can convert product details into a pitch deck.",example
This system solves the issue by generating organized output automatically.,solution
"Unlike manual formatting, the app generates structure automatically.",comparison
It helps users complete their work faster and more efficiently.,benefit
The final model size is less than 50 MB.,statistic
"For example, teachers can prepare classroom slides from lesson content.",example
Machine Learning is an approach that converts raw input into useful output.,definition
"This improves speed, accuracy, and user productivity.",benefit
This system solves the issue by generating organized output automatically.,solution
"Compared to cloud tools, this system works without internet access.",comparison
"The current system is slow, repetitive, and time-consuming.",problem
Machine Learning refers to a method used to organize and process data.,definition
One key issue is that manual formatting reduces productivity.,problem
"After that, the app generates structured slide content.",process
"For example, a student can paste lecture notes and generate slides.",example
It helps users complete their work faster and more efficiently.,benefit
A major challenge is the lack of automation in this process.,problem
Smart Healthcare is a system that helps users understand complex information.,definition
"For example, a student can paste lecture notes and generate slides.",example
Testing was performed on a held-out dataset of sample inputs.,statistic
The offline model reduces server cost by 100 percent.,statistic
One key issue is that manual formatting reduces productivity.,problem
A major challenge is the lack of automation in this process.,problem
"Unlike manual formatting, the app generates structure automatically.",comparison
"Cloud models are powerful, but offline models provide better privacy.",comparison
Transport Management is a technique designed to improve productivity.,definition
This approach improves efficiency by reducing manual effort.,solution
It helps users complete their work faster and more efficiently.,benefit
"Unlike manual formatting, the app generates structure automatically.",comparison
"First, the user enters raw text into the application.",process
"For example, a student can paste lecture notes and generate slides.",example
E-commerce Automation means using technology to solve real-world problems.,definition
The system generates output in under 2 seconds.,statistic
"For instance, researchers can summarize notes into structured sections.",example
A major challenge is the lack of automation in this process.,problem
E-commerce Automation is a technique designed to improve productivity.,definition
Digital Marketing is an approach that converts raw input into useful output.,definition
The model achieved over 90 percent accuracy on the test dataset.,statistic
"For instance, researchers can summarize notes into structured sections.",example
"Finally, the output is exported as JSON or PowerPoint.",process
"Then, the model classifies the sentence into a suitable category.",process
"For instance, a business owner can convert product details into a pitch deck.",example
It helps users complete their work faster and more efficiently.,benefit
"For example, a student can paste lecture notes and generate slides.",example
"For instance, a business owner can convert product details into a pitch deck.",example
Digital Marketing is a system that helps users understand complex information.,definition
"For example, a student can paste lecture notes and generate slides.",example
"For example, teachers can prepare classroom slides from lesson content.",example
"After that, the app generates structured slide content.",process
"This improves speed, accuracy, and user productivity.",benefit
Many users face difficulty while organizing large amounts of content.,problem
"Traditional tools require more effort, while this solution is faster.",comparison
The main problem is that users spend too much time on manual work.,problem
One key issue is that manual formatting reduces productivity.,problem
Online Education is a system that helps users understand complex information.,definition
"This improves speed, accuracy, and user productivity.",benefit
The offline model reduces server cost by 100 percent.,statistic
The proposed solution automates the content structuring process.,solution
Transport Management refers to a method used to organize and process data.,definition
Transport Management is a technique designed to improve productivity.,definition
"For instance, researchers can summarize notes into structured sections.",example
One key issue is that manual formatting reduces productivity.,problem
Machine Learning is a technique designed to improve productivity.,definition
"For example, a student can paste lecture notes and generate slides.",example
Our solution uses a lightweight model to classify and structure text.,solution
The offline model reduces server cost by 100 percent.,statistic
E-commerce Automation means using technology to solve real-world problems.,definition
"Unlike manual formatting, the app generates structure automatically.",comparison
Users benefit from offline access and better privacy.,benefit
"For instance, a business owner can convert product details into a pitch deck.",example
"Next, the system analyzes the text and detects its content type.",process
"Unlike manual formatting, the app generates structure automatically.",comparison
"This makes the workflow faster, cheaper, and more reliable.",benefit
The final model size is less than 50 MB.,statistic
"The current system is slow, repetitive, and time-consuming.",problem
The system reduces manual effort and saves time.,benefit
"Then, the model classifies the sentence into a suitable category.",process
The proposed solution automates the content structuring process.,solution
Online Education refers to a method used to organize and process data.,definition
The system generates output in under 2 seconds.,statistic
"For instance, researchers can summarize notes into structured sections.",example
Many users face difficulty while organizing large amounts of content.,problem
Machine Learning is a system that helps users understand complex information.,definition
An example use case is creating presentation slides from meeting notes.,example
"Cloud models are powerful, but offline models provide better privacy.",comparison
The system generates output in under 2 seconds.,statistic
The offline model reduces server cost by 100 percent.,statistic
One key issue is that manual formatting reduces productivity.,problem
"Then, the model classifies the sentence into a suitable category.",process
The model achieved over 90 percent accuracy on the test dataset.,statistic
Our solution uses a lightweight model to classify and structure text.,solution
"For example, teachers can prepare classroom slides from lesson content.",example
The final model size is less than 50 MB.,statistic
"Traditional tools require more effort, while this solution is faster.",comparison
"Compared to cloud tools, this system works without internet access.",comparison
The final model size is less than 50 MB.,statistic
The system generates output in under 2 seconds.,statistic
"First, the user enters raw text into the application.",process
"After that, the app generates structured slide content.",process
Many users face difficulty while organizing large amounts of content.,problem
"This improves speed, accuracy, and user productivity.",benefit
Users benefit from offline access and better privacy.,benefit
"Next, the system analyzes the text and detects its content type.",process
"Then, the model classifies the sentence into a suitable category.",process
It helps users complete their work faster and more efficiently.,benefit
Machine Learning refers to a method used to organize and process data.,definition
The system reduces manual effort and saves time.,benefit
This approach improves efficiency by reducing manual effort.,solution
Offline AI is an approach that converts raw input into useful output.,definition
It helps users complete their work faster and more efficiently.,benefit
E-commerce Automation is a technique designed to improve productivity.,definition
The model achieved over 90 percent accuracy on the test dataset.,statistic
It helps users complete their work faster and more efficiently.,benefit
"The current system is slow, repetitive, and time-consuming.",problem
"Traditional tools require more effort, while this solution is faster.",comparison
Many users face difficulty while organizing large amounts of content.,problem
Online Education is a technique designed to improve productivity.,definition
Online Education means using technology to solve real-world problems.,definition
This approach improves efficiency by reducing manual effort.,solution
This method is smaller and faster than large language models.,comparison
"Traditional tools require more effort, while this solution is faster.",comparison
"Compared to cloud tools, this system works without internet access.",comparison
"For example, a student can paste lecture notes and generate slides.",example
Our solution uses a lightweight model to classify and structure text.,solution
This system solves the issue by generating organized output automatically.,solution
Machine Learning is a system that helps users understand complex information.,definition
"Finally, the output is exported as JSON or PowerPoint.",process
"The current system is slow, repetitive, and time-consuming.",problem
"First, the user enters raw text into the application.",process
One key issue is that manual formatting reduces productivity.,problem
"Then, the model classifies the sentence into a suitable category.",process
"This makes the workflow faster, cheaper, and more reliable.",benefit
"First, the user enters raw text into the application.",process
"This makes the workflow faster, cheaper, and more reliable.",benefit
"Next, the system analyzes the text and detects its content type.",process
"For example, a student can paste lecture notes and generate slides.",example
Users benefit from offline access and better privacy.,benefit
Text-to-Slide Generation is a system that helps users understand complex information.,definition
"After that, the app generates structured slide content.",process
The system reduces manual effort and saves time.,benefit
The main problem is that users spend too much time on manual work.,problem
A major challenge is the lack of automation in this process.,problem
Machine Learning is a system that helps users understand complex information.,definition
Users benefit from offline access and better privacy.,benefit
An example use case is creating presentation slides from meeting notes.,example
This approach improves efficiency by reducing manual effort.,solution
"The current system is slow, repetitive, and time-consuming.",problem
The model achieved over 90 percent accuracy on the test dataset.,statistic
The proposed solution automates the content structuring process.,solution
The application provides an offline way to create formatted content.,solution
"The current system is slow, repetitive, and time-consuming.",problem
A major challenge is the lack of automation in this process.,problem
"For example, a student can paste lecture notes and generate slides.",example
One key issue is that manual formatting reduces productivity.,problem
The final model size is less than 50 MB.,statistic
"Unlike manual formatting, the app generates structure automatically.",comparison
"For example, a student can paste lecture notes and generate slides.",example
The application provides an offline way to create formatted content.,solution
The final model size is less than 50 MB.,statistic
"For example, a student can paste lecture notes and generate slides.",example
"Then, the model classifies the sentence into a suitable category.",process
This method is smaller and faster than large language models.,comparison
"First, the user enters raw text into the application.",process
"Unlike manual formatting, the app generates structure automatically.",comparison
"Then, the model classifies the sentence into a suitable category.",process
Users benefit from offline access and better privacy.,benefit
This approach improves efficiency by reducing manual effort.,solution
The system reduces manual effort and saves time.,benefit
The model achieved over 90 percent accuracy on the test dataset.,statistic
"First, the user enters raw text into the application.",process
This system solves the issue by generating organized output automatically.,solution
"For example, teachers can prepare classroom slides from lesson content.",example
"Then, the model classifies the sentence into a suitable category.",process
Many users face difficulty while organizing large amounts of content.,problem
The system reduces manual effort and saves time.,benefit
E-commerce Automation is a technique designed to improve productivity.,definition
This method is smaller and faster than large language models.,comparison
"For example, a student can paste lecture notes and generate slides.",example
The final model size is less than 50 MB.,statistic
This system solves the issue by generating organized output automatically.,solution
"The current system is slow, repetitive, and time-consuming.",problem
The model achieved over 90 percent accuracy on the test dataset.,statistic
An example use case is creating presentation slides from meeting notes.,example
The offline model reduces server cost by 100 percent.,statistic
"Unlike manual formatting, the app generates structure automatically.",comparison
An example use case is creating presentation slides from meeting notes.,example
An example use case is creating presentation slides from meeting notes.,example
"Traditional tools require more effort, while this solution is faster.",comparison
This system solves the issue by generating organized output automatically.,solution
It helps users complete their work faster and more efficiently.,benefit
"Compared to cloud tools, this system works without internet access.",comparison
This method is smaller and faster than large language models.,comparison
"Cloud models are powerful, but offline models provide better privacy.",comparison
"Compared to cloud tools, this system works without internet access.",comparison
The system generates output in under 2 seconds.,statistic
"This makes the workflow faster, cheaper, and more reliable.",benefit
"Cloud models are powerful, but offline models provide better privacy.",comparison
It helps users complete their work faster and more efficiently.,benefit
This method is smaller and faster than large language models.,comparison
Testing was performed on a held-out dataset of sample inputs.,statistic
E-commerce Automation means using technology to solve real-world problems.,definition
Digital Marketing is an approach that converts raw input into useful output.,definition
Online Education refers to a method used to organize and process data.,definition
"Traditional tools require more effort, while this solution is faster.",comparison
"Finally, the output is exported as JSON or PowerPoint.",process
Our solution uses a lightweight model to classify and structure text.,solution
"Traditional tools require more effort, while this solution is faster.",comparison
"Unlike manual formatting, the app generates structure automatically.",comparison
"For example, teachers can prepare classroom slides from lesson content.",example
Testing was performed on a held-out dataset of sample inputs.,statistic
"Compared to cloud tools, this system works without internet access.",comparison
"This improves speed, accuracy, and user productivity.",benefit
The offline model reduces server cost by 100 percent.,statistic
The proposed solution automates the content structuring process.,solution
It helps users complete their work faster and more efficiently.,benefit
It helps users complete their work faster and more efficiently.,benefit
The system reduces manual effort and saves time.,benefit
"Next, the system analyzes the text and detects its content type.",process
The application provides an offline way to create formatted content.,solution
"Unlike manual formatting, the app generates structure automatically.",comparison
"The current system is slow, repetitive, and time-consuming.",problem
This approach improves efficiency by reducing manual effort.,solution
One key issue is that manual formatting reduces productivity.,problem
The main problem is that users spend too much time on manual work.,problem
The system reduces manual effort and saves time.,benefit
"Compared to cloud tools, this system works without internet access.",comparison
The model achieved over 90 percent accuracy on the test dataset.,statistic
The system reduces manual effort and saves time.,benefit
The application provides an offline way to create formatted content.,solution
Testing was performed on a held-out dataset of sample inputs.,statistic
The system reduces manual effort and saves time.,benefit
"This makes the workflow faster, cheaper, and more reliable.",benefit
"Cloud models are powerful, but offline models provide better privacy.",comparison
"Next, the system analyzes the text and detects its content type.",process
The system generates output in under 2 seconds.,statistic
"Next, the system analyzes the text and detects its content type.",process
The final model size is less than 50 MB.,statistic
"For example, a student can paste lecture notes and generate slides.",example
"First, the user enters raw text into the application.",process
The model achieved over 90 percent accuracy on the test dataset.,statistic
"Next, the system analyzes the text and detects its content type.",process
It helps users complete their work faster and more efficiently.,benefit
One key issue is that manual formatting reduces productivity.,problem
This system solves the issue by generating organized output automatically.,solution
The offline model reduces server cost by 100 percent.,statistic
"Traditional tools require more effort, while this solution is faster.",comparison
The proposed solution automates the content structuring process.,solution
This system solves the issue by generating organized output automatically.,solution
"Cloud models are powerful, but offline models provide better privacy.",comparison
One key issue is that manual formatting reduces productivity.,problem
Transport Management means using technology to solve real-world problems.,definition
Transport Management is a technique designed to improve productivity.,definition
"Cloud models are powerful, but offline models provide better privacy.",comparison
"This improves speed, accuracy, and user productivity.",benefit
An example use case is creating presentation slides from meeting notes.,example
"Then, the model classifies the sentence into a suitable category.",process
"This makes the workflow faster, cheaper, and more reliable.",benefit
"Cloud models are powerful, but offline models provide better privacy.",comparison
An example use case is creating presentation slides from meeting notes.,example
"This makes the workflow faster, cheaper, and more reliable.",benefit
"Unlike manual formatting, the app generates structure automatically.",comparison
"Compared to cloud tools, this system works without internet access.",comparison
Many users face difficulty while organizing large amounts of content.,problem
Testing was performed on a held-out dataset of sample inputs.,statistic
This system solves the issue by generating organized output automatically.,solution
"For example, a student can paste lecture notes and generate slides.",example
The offline model reduces server cost by 100 percent.,statistic
"The current system is slow, repetitive, and time-consuming.",problem
The system generates output in under 2 seconds.,statistic
Machine Learning is a technique designed to improve productivity.,definition
The proposed solution automates the content structuring process.,solution
"Compared to cloud tools, this system works without internet access.",comparison
The system generates output in under 2 seconds.,statistic
The proposed solution automates the content structuring process.,solution
"First, the user enters raw text into the application.",process
This system solves the issue by generating organized output automatically.,solution
Online Education is an approach that converts raw input into useful output.,definition
This approach improves efficiency by reducing manual effort.,solution
"This improves speed, accuracy, and user productivity.",benefit
"For instance, researchers can summarize notes into structured sections.",example
Machine Learning is a system that helps users understand complex information.,definition
"Finally, the output is exported as JSON or PowerPoint.",process
"For instance, a business owner can convert product details into a pitch deck.",example
An example use case is creating presentation slides from meeting notes.,example
This system solves the issue by generating organized output automatically.,solution
Smart Healthcare is an approach that converts raw input into useful output.,definition
This approach improves efficiency by reducing manual effort.,solution
Testing was performed on a held-out dataset of sample inputs.,statistic
"First, the user enters raw text into the application.",process
"Unlike manual formatting, the app generates structure automatically.",comparison
Online Education is an approach that converts raw input into useful output.,definition
Many users face difficulty while organizing large amounts of content.,problem
"For instance, researchers can summarize notes into structured sections.",example
Digital Marketing is a technique designed to improve productivity.,definition
"This improves speed, accuracy, and user productivity.",benefit
The proposed solution automates the content structuring process.,solution
This method is smaller and faster than large language models.,comparison
It helps users complete their work faster and more efficiently.,benefit
Online Education means using technology to solve real-world problems.,definition
The offline model reduces server cost by 100 percent.,statistic
"Next, the system analyzes the text and detects its content type.",process
"First, the user enters raw text into the application.",process
The system generates output in under 2 seconds.,statistic
Content Generation is a technique designed to improve productivity.,definition
"Then, the model classifies the sentence into a suitable category.",process
"Compared to cloud tools, this system works without internet access.",comparison
The main problem is that users spend too much time on manual work.,problem
The application provides an offline way to create formatted content.,solution
The application provides an offline way to create formatted content.,solution
It helps users complete their work faster and more efficiently.,benefit
"The current system is slow, repetitive, and time-consuming.",problem
An example use case is creating presentation slides from meeting notes.,example
The model achieved over 90 percent accuracy on the test dataset.,statistic
"Compared to cloud tools, this system works without internet access.",comparison
The application provides an offline way to create formatted content.,solution
"For example, a student can paste lecture notes and generate slides.",example
"The current system is slow, repetitive, and time-consuming.",problem
"Compared to cloud tools, this system works without internet access.",comparison
"For example, a student can paste lecture notes and generate slides.",example
A major challenge is the lack of automation in this process.,problem
"This makes the workflow faster, cheaper, and more reliable.",benefit
Testing was performed on a held-out dataset of sample inputs.,statistic
Users benefit from offline access and better privacy.,benefit
"The current system is slow, repetitive, and time-consuming.",problem
"Cloud models are powerful, but offline models provide better privacy.",comparison
The system generates output in under 2 seconds.,statistic
The final model size is less than 50 MB.,statistic
Offline AI means using technology to solve real-world problems.,definition
"First, the user enters raw text into the application.",process
Artificial Intelligence refers to a method used to organize and process data.,definition
A major challenge is the lack of automation in this process.,problem
Content Generation is a technique designed to improve productivity.,definition
"Finally, the output is exported as JSON or PowerPoint.",process
"Finally, the output is exported as JSON or PowerPoint.",process
The model achieved over 90 percent accuracy on the test dataset.,statistic
"This makes the workflow faster, cheaper, and more reliable.",benefit
The model achieved over 90 percent accuracy on the test dataset.,statistic
"First, the user enters raw text into the application.",process
Many users face difficulty while organizing large amounts of content.,problem
The main problem is that users spend too much time on manual work.,problem
The system reduces manual effort and saves time.,benefit
"For example, a student can paste lecture notes and generate slides.",example
"For example, teachers can prepare classroom slides from lesson content.",example
"Next, the system analyzes the text and detects its content type.",process
The main problem is that users spend too much time on manual work.,problem
A major challenge is the lack of automation in this process.,problem
"This improves speed, accuracy, and user productivity.",benefit
The system generates output in under 2 seconds.,statistic
"Cloud models are powerful, but offline models provide better privacy.",comparison
"This improves speed, accuracy, and user productivity.",benefit
"The current system is slow, repetitive, and time-consuming.",problem
Testing was performed on a held-out dataset of sample inputs.,statistic
The main problem is that users spend too much time on manual work.,problem
"This makes the workflow faster, cheaper, and more reliable.",benefit
Digital Marketing refers to a method used to organize and process data.,definition
Testing was performed on a held-out dataset of sample inputs.,statistic
"Then, the model classifies the sentence into a suitable category.",process
A major challenge is the lack of automation in this process.,problem
"The current system is slow, repetitive, and time-consuming.",problem
"Cloud models are powerful, but offline models provide better privacy.",comparison
The proposed solution automates the content structuring process.,solution
"For example, a student can paste lecture notes and generate slides.",example
"Next, the system analyzes the text and detects its content type.",process
"After that, the app generates structured slide content.",process
The model achieved over 90 percent accuracy on the test dataset.,statistic
"For instance, a business owner can convert product details into a pitch deck.",example
Users benefit from offline access and better privacy.,benefit
The system reduces manual effort and saves time.,benefit
The system generates output in under 2 seconds.,statistic
This method is smaller and faster than large language models.,comparison
Many users face difficulty while organizing large amounts of content.,problem
Offline AI means using technology to solve real-world problems.,definition
The final model size is less than 50 MB.,statistic
The offline model reduces server cost by 100 percent.,statistic
"Compared to cloud tools, this system works without internet access.",comparison
The proposed solution automates the content structuring process.,solution
"First, the user enters raw text into the application.",process
This method is smaller and faster than large language models.,comparison
It helps users complete their work faster and more efficiently.,benefit
The application provides an offline way to create formatted content.,solution
"Compared to cloud tools, this system works without internet access.",comparison
The main problem is that users spend too much time on manual work.,problem
The proposed solution automates the content structuring process.,solution
"Cloud models are powerful, but offline models provide better privacy.",comparison
"Cloud models are powerful, but offline models provide better privacy.",comparison
Content Generation is a technique designed to improve productivity.,definition
Our solution uses a lightweight model to classify and structure text.,solution
The application provides an offline way to create formatted content.,solution
It helps users complete their work faster and more efficiently.,benefit
"After that, the app generates structured slide content.",process
Online Education is a technique designed to improve productivity.,definition
"First, the user enters raw text into the application.",process
The proposed solution automates the content structuring process.,solution
Users benefit from offline access and better privacy.,benefit
The main problem is that users spend too much time on manual work.,problem
Content Generation is a system that helps users understand complex information.,definition
Many users face difficulty while organizing large amounts of content.,problem
Text-to-Slide Generation is a technique designed to improve productivity.,definition
This method is smaller and faster than large language models.,comparison
"For example, a student can paste lecture notes and generate slides.",example
"This improves speed, accuracy, and user productivity.",benefit
"After that, the app generates structured slide content.",process
"For example, teachers can prepare classroom slides from lesson content.",example
This method is smaller and faster than large language models.,comparison
"Unlike manual formatting, the app generates structure automatically.",comparison
The system reduces manual effort and saves time.,benefit
Many users face difficulty while organizing large amounts of content.,problem
The proposed solution automates the content structuring process.,solution
"After that, the app generates structured slide content.",process
The system generates output in under 2 seconds.,statistic
"For example, a student can paste lecture notes and generate slides.",example
The final model size is less than 50 MB.,statistic
The application provides an offline way to create formatted content.,solution
It helps users complete their work faster and more efficiently.,benefit
"Finally, the output is exported as JSON or PowerPoint.",process
"Finally, the output is exported as JSON or PowerPoint.",process
